{
    "name": "root",
    "gauges": {
        "MyBehavior.Policy.Entropy.mean": {
            "value": 1.3966478109359741,
            "min": 1.3966478109359741,
            "max": 1.414492130279541,
            "count": 4
        },
        "MyBehavior.Policy.Entropy.sum": {
            "value": 69724.8515625,
            "min": 69724.8515625,
            "max": 70946.6796875,
            "count": 4
        },
        "MyBehavior.Step.mean": {
            "value": 199994.0,
            "min": 49990.0,
            "max": 199994.0,
            "count": 4
        },
        "MyBehavior.Step.sum": {
            "value": 199994.0,
            "min": 49990.0,
            "max": 199994.0,
            "count": 4
        },
        "MyBehavior.Policy.ExtrinsicValueEstimate.mean": {
            "value": 0.5280731916427612,
            "min": -0.35828161239624023,
            "max": 0.5280731916427612,
            "count": 4
        },
        "MyBehavior.Policy.ExtrinsicValueEstimate.sum": {
            "value": 618.3737182617188,
            "min": -372.9711608886719,
            "max": 618.3737182617188,
            "count": 4
        },
        "MyBehavior.Environment.EpisodeLength.mean": {
            "value": 47.279652844744454,
            "min": 47.279652844744454,
            "max": 98.11133200795229,
            "count": 4
        },
        "MyBehavior.Environment.EpisodeLength.sum": {
            "value": 49029.0,
            "min": 49029.0,
            "max": 49621.0,
            "count": 4
        },
        "MyBehavior.Environment.CumulativeReward.mean": {
            "value": 0.9333976833976834,
            "min": -0.3015267175572519,
            "max": 0.9333976833976834,
            "count": 4
        },
        "MyBehavior.Environment.CumulativeReward.sum": {
            "value": 967.0,
            "min": -158.0,
            "max": 967.0,
            "count": 4
        },
        "MyBehavior.Policy.ExtrinsicReward.mean": {
            "value": 0.9333976833976834,
            "min": -0.3015267175572519,
            "max": 0.9333976833976834,
            "count": 4
        },
        "MyBehavior.Policy.ExtrinsicReward.sum": {
            "value": 967.0,
            "min": -158.0,
            "max": 967.0,
            "count": 4
        },
        "MyBehavior.Losses.PolicyLoss.mean": {
            "value": 0.02550012446939945,
            "min": 0.022682739050748447,
            "max": 0.025982247836266955,
            "count": 4
        },
        "MyBehavior.Losses.PolicyLoss.sum": {
            "value": 0.12750062234699724,
            "min": 0.10392899134506782,
            "max": 0.12750062234699724,
            "count": 4
        },
        "MyBehavior.Losses.ValueLoss.mean": {
            "value": 0.0202721411579599,
            "min": 0.006278082727997875,
            "max": 0.07549103296672305,
            "count": 4
        },
        "MyBehavior.Losses.ValueLoss.sum": {
            "value": 0.1013607057897995,
            "min": 0.03139041363998937,
            "max": 0.3019641318668922,
            "count": 4
        },
        "MyBehavior.Policy.LearningRate.mean": {
            "value": 0.00019470591509804003,
            "min": 0.00019470591509804003,
            "max": 0.00028423650525449996,
            "count": 4
        },
        "MyBehavior.Policy.LearningRate.sum": {
            "value": 0.0009735295754902001,
            "min": 0.0009735295754902001,
            "max": 0.001282182072606,
            "count": 4
        },
        "MyBehavior.Policy.Epsilon.mean": {
            "value": 0.16490196,
            "min": 0.16490196,
            "max": 0.1947455,
            "count": 4
        },
        "MyBehavior.Policy.Epsilon.sum": {
            "value": 0.8245098,
            "min": 0.778982,
            "max": 0.9273939999999999,
            "count": 4
        },
        "MyBehavior.Policy.Beta.mean": {
            "value": 0.0032486078040000004,
            "min": 0.0032486078040000004,
            "max": 0.004737800450000001,
            "count": 4
        },
        "MyBehavior.Policy.Beta.sum": {
            "value": 0.016243039020000002,
            "min": 0.016243039020000002,
            "max": 0.0213769606,
            "count": 4
        },
        "MyBehavior.IsTraining.mean": {
            "value": 1.0,
            "min": 1.0,
            "max": 1.0,
            "count": 4
        },
        "MyBehavior.IsTraining.sum": {
            "value": 1.0,
            "min": 1.0,
            "max": 1.0,
            "count": 4
        }
    },
    "metadata": {
        "timer_format_version": "0.1.0",
        "start_time_seconds": "1625598561",
        "python_version": "3.7.10 (default, Feb 26 2021, 13:06:18) [MSC v.1916 64 bit (AMD64)]",
        "command_line_arguments": "C:\\Users\\midgl\\anaconda3\\envs\\unityML\\Scripts\\mlagents-learn --run-id=test4",
        "mlagents_version": "0.27.0",
        "mlagents_envs_version": "0.27.0",
        "communication_protocol_version": "1.5.0",
        "pytorch_version": "1.7.1+cu110",
        "numpy_version": "1.20.3",
        "end_time_seconds": "1625598783"
    },
    "total": 222.9491676,
    "count": 1,
    "self": 0.0052731000000108,
    "children": {
        "run_training.setup": {
            "total": 0.0652307999999997,
            "count": 1,
            "self": 0.0652307999999997
        },
        "TrainerController.start_learning": {
            "total": 222.8786637,
            "count": 1,
            "self": 0.4869302000012965,
            "children": {
                "TrainerController._reset_env": {
                    "total": 11.8415175,
                    "count": 1,
                    "self": 11.8415175
                },
                "TrainerController.advance": {
                    "total": 210.4693276999987,
                    "count": 29626,
                    "self": 0.5124760999991054,
                    "children": {
                        "env_step": {
                            "total": 160.60614759999788,
                            "count": 29626,
                            "self": 126.01773389999693,
                            "children": {
                                "SubprocessEnvManager._take_step": {
                                    "total": 34.279996699999444,
                                    "count": 29626,
                                    "self": 1.3039677999974089,
                                    "children": {
                                        "TorchPolicy.evaluate": {
                                            "total": 32.976028900002035,
                                            "count": 26777,
                                            "self": 12.294693800002193,
                                            "children": {
                                                "TorchPolicy.sample_actions": {
                                                    "total": 20.681335099999842,
                                                    "count": 26777,
                                                    "self": 20.681335099999842
                                                }
                                            }
                                        }
                                    }
                                },
                                "workers": {
                                    "total": 0.3084170000015085,
                                    "count": 29625,
                                    "self": 0.0,
                                    "children": {
                                        "worker_root": {
                                            "total": 212.33974979999826,
                                            "count": 29625,