{
    "name": "root",
    "gauges": {
        "Shepherd.Policy.Entropy.mean": {
            "value": 1.3361151218414307,
            "min": 1.3361151218414307,
            "max": 1.3797589540481567,
            "count": 6
        },
        "Shepherd.Policy.Entropy.sum": {
            "value": 66775.0234375,
            "min": 66775.0234375,
            "max": 69025.203125,
            "count": 6
        },
        "Shepherd.Step.mean": {
            "value": 299971.0,
            "min": 49968.0,
            "max": 299971.0,
            "count": 6
        },
        "Shepherd.Step.sum": {
            "value": 299971.0,
            "min": 49968.0,
            "max": 299971.0,
            "count": 6
        },
        "Shepherd.Policy.ExtrinsicValueEstimate.mean": {
            "value": 6.542592525482178,
            "min": 6.236460208892822,
            "max": 6.547488689422607,
            "count": 6
        },
        "Shepherd.Policy.ExtrinsicValueEstimate.sum": {
            "value": 6274.34619140625,
            "min": 6135.61083984375,
            "max": 6364.1591796875,
            "count": 6
        },
        "Shepherd.Environment.EpisodeLength.mean": {
            "value": 119.71739130434783,
            "min": 119.71739130434783,
            "max": 128.60362694300517,
            "count": 6
        },
        "Shepherd.Environment.EpisodeLength.sum": {
            "value": 49563.0,
            "min": 49478.0,
            "max": 49666.0,
            "count": 6
        },
        "Shepherd.Environment.CumulativeReward.mean": {
            "value": 8.954222569647042,
            "min": 7.41079876553993,
            "max": 8.954222569647042,
            "count": 6
        },
        "Shepherd.Environment.CumulativeReward.sum": {
            "value": 3707.0481438338757,
            "min": 2853.157524732873,
            "max": 3707.0481438338757,
            "count": 6
        },
        "Shepherd.Policy.ExtrinsicReward.mean": {
            "value": 8.954222569647042,
            "min": 7.41079876553993,
            "max": 8.954222569647042,
            "count": 6
        },
        "Shepherd.Policy.ExtrinsicReward.sum": {
            "value": 3707.0481438338757,
            "min": 2853.157524732873,
            "max": 3707.0481438338757,
            "count": 6
        },
        "Shepherd.Losses.PolicyLoss.mean": {
            "value": 0.022884133070086438,
            "min": 0.021675197721924635,
            "max": 0.02416339832978944,
            "count": 6
        },
        "Shepherd.Losses.PolicyLoss.sum": {
            "value": 0.11442066535043219,
            "min": 0.08670079088769854,
            "max": 0.1208169916489472,
            "count": 6
        },
        "Shepherd.Losses.ValueLoss.mean": {
            "value": 0.014595338081320127,
            "min": 0.014595338081320127,
            "max": 0.06545564423625669,
            "count": 6
        },
        "Shepherd.Losses.ValueLoss.sum": {
            "value": 0.07297669040660064,
            "min": 0.07297669040660064,
            "max": 0.26182257694502675,
            "count": 6
        },
        "Shepherd.Policy.LearningRate.mean": {
            "value": 0.00013356293547904004,
            "min": 0.00013356293547904004,
            "max": 0.00028461600512800004,
            "count": 6
        },
        "Shepherd.Policy.LearningRate.sum": {
            "value": 0.0006678146773952001,
            "min": 0.0006678146773952001,
            "max": 0.0012844176718607998,
            "count": 6
        },
        "Shepherd.Policy.Epsilon.mean": {
            "value": 0.14452096,
            "min": 0.14452096,
            "max": 0.19487200000000002,
            "count": 6
        },
        "Shepherd.Policy.Epsilon.sum": {
            "value": 0.7226048,
            "min": 0.7226048,
            "max": 0.9281391999999999,
            "count": 6
        },
        "Shepherd.Policy.Beta.mean": {
            "value": 0.002231595904,
            "min": 0.002231595904,
            "max": 0.0047441128,
            "count": 6
        },
        "Shepherd.Policy.Beta.sum": {
            "value": 0.011157979520000002,
            "min": 0.011157979520000002,
            "max": 0.021414146079999998,
            "count": 6
        },
        "Shepherd.IsTraining.mean": {
            "value": 1.0,
            "min": 1.0,
            "max": 1.0,
            "count": 6
        },
        "Shepherd.IsTraining.sum": {
            "value": 1.0,
            "min": 1.0,
            "max": 1.0,
            "count": 6
        }
    },
    "metadata": {
        "timer_format_version": "0.1.0",
        "start_time_seconds": "1625754310",
        "python_version": "3.7.10 (default, Feb 26 2021, 13:06:18) [MSC v.1916 64 bit (AMD64)]",
        "command_line_arguments": "C:\\Users\\midgl\\anaconda3\\envs\\unityML\\Scripts\\mlagents-learn --initialize-from=test1.02 --run-id=test1.03",
        "mlagents_version": "0.27.0",
        "mlagents_envs_version": "0.27.0",
        "communication_protocol_version": "1.5.0",
        "pytorch_version": "1.7.1+cu110",
        "numpy_version": "1.20.3",
        "end_time_seconds": "1625755752"
    },
    "total": 1442.0106017,
    "count": 1,
    "self": 0.004910500000050888,
    "children": {
        "run_training.setup": {
            "total": 0.060020799999999985,
            "count": 1,
            "self": 0.060020799999999985
        },
        "TrainerController.start_learning": {
            "total": 1441.9456704,
            "count": 1,
            "self": 5.708916700001737,
            "children": {
                "TrainerController._reset_env": {
                    "total": 8.8040377,
                    "count": 1,
                    "self": 8.8040377
                },
                "TrainerController.advance": {
                    "total": 1427.3776944999984,
                    "count": 328863,
                    "self": 6.043511899987152,
                    "children": {
                        "env_step": {
                            "total": 1345.5405990999564,
                            "count": 328863,
                            "self": 893.444500699919,
                            "children": {
                                "SubprocessEnvManager._take_step": {
                                    "total": 448.5692092999934,
                                    "count": 328863,
                                    "self": 16.431901199977233,
                                    "children": {
                                        "TorchPolicy.evaluate": {
                                            "total": 432.1373081000162,
                                            "count": 326227,
                                            "self": 167.91378740003057,
                                            "children": {
                                                "TorchPolicy.sample_actions": {
                                                    "total": 264.2235206999856,
                                                    "count": 326227,
                                                    "self": 264.2235206999856
                                                }
                                            }
                                        }
                                    }
                                },
                                "workers": {
                                    "total": 3.5268891000439453,
                                    "count": 328862,
                                    "self": 0.0,
                                    "children": {
                                        "worker_root": {
                                            "total": 1427.4631823000261,