{
    "name": "root",
    "gauges": {
        "Shepherd.Policy.Entropy.mean": {
            "value": 1.4119441509246826,
            "min": 1.4119441509246826,
            "max": 1.4198930263519287,
            "count": 2
        },
        "Shepherd.Policy.Entropy.sum": {
            "value": 70642.390625,
            "min": 70642.390625,
            "max": 70994.6484375,
            "count": 2
        },
        "Shepherd.Step.mean": {
            "value": 99968.0,
            "min": 49936.0,
            "max": 99968.0,
            "count": 2
        },
        "Shepherd.Step.sum": {
            "value": 99968.0,
            "min": 49936.0,
            "max": 99968.0,
            "count": 2
        },
        "Shepherd.Policy.ExtrinsicValueEstimate.mean": {
            "value": -7.038232803344727,
            "min": -8.01378345489502,
            "max": -7.038232803344727,
            "count": 2
        },
        "Shepherd.Policy.ExtrinsicValueEstimate.sum": {
            "value": -7326.80029296875,
            "min": -7476.8603515625,
            "max": -7326.80029296875,
            "count": 2
        },
        "Shepherd.Environment.EpisodeLength.mean": {
            "value": 99.87096774193549,
            "min": 99.87096774193549,
            "max": 143.97674418604652,
            "count": 2
        },
        "Shepherd.Environment.EpisodeLength.sum": {
            "value": 49536.0,
            "min": 49528.0,
            "max": 49536.0,
            "count": 2
        },
        "Shepherd.Environment.CumulativeReward.mean": {
            "value": -19.211031607470492,
            "min": -54.63652344057228,
            "max": -19.211031607470492,
            "count": 2
        },
        "Shepherd.Environment.CumulativeReward.sum": {
            "value": -9528.671677305363,
            "min": -18794.964063556865,
            "max": -9528.671677305363,
            "count": 2
        },
        "Shepherd.Policy.ExtrinsicReward.mean": {
            "value": -19.211031607470492,
            "min": -54.63652344057228,
            "max": -19.211031607470492,
            "count": 2
        },
        "Shepherd.Policy.ExtrinsicReward.sum": {
            "value": -9528.671677305363,
            "min": -18794.964063556865,
            "max": -9528.671677305363,
            "count": 2
        },
        "Shepherd.Losses.PolicyLoss.mean": {
            "value": 0.021487755367221927,
            "min": 0.021487755367221927,
            "max": 0.023280287520416703,
            "count": 2
        },
        "Shepherd.Losses.PolicyLoss.sum": {
            "value": 0.10743877683610964,
            "min": 0.09312115008166681,
            "max": 0.10743877683610964,
            "count": 2
        },
        "Shepherd.Losses.ValueLoss.mean": {
            "value": 6.835667168299357,
            "min": 6.835667168299357,
            "max": 23.989742501576742,
            "count": 2
        },
        "Shepherd.Losses.ValueLoss.sum": {
            "value": 34.17833584149678,
            "min": 34.17833584149678,
            "max": 95.95897000630697,
            "count": 2
        },
        "Shepherd.Policy.LearningRate.mean": {
            "value": 0.00025685221438259996,
            "min": 0.00025685221438259996,
            "max": 0.00028457940514019995,
            "count": 2
        },
        "Shepherd.Policy.LearningRate.sum": {
            "value": 0.0012842610719129997,
            "min": 0.0011383176205607998,
            "max": 0.0012842610719129997,
            "count": 2
        },
        "Shepherd.Policy.Epsilon.mean": {
            "value": 0.1856174,
            "min": 0.1856174,
            "max": 0.19485979999999997,
            "count": 2
        },
        "Shepherd.Policy.Epsilon.sum": {
            "value": 0.928087,
            "min": 0.7794391999999999,
            "max": 0.928087,
            "count": 2
        },
        "Shepherd.Policy.Beta.mean": {
            "value": 0.00428230826,
            "min": 0.00428230826,
            "max": 0.004743504020000001,
            "count": 2
        },
        "Shepherd.Policy.Beta.sum": {
            "value": 0.0214115413,
            "min": 0.018974016080000003,
            "max": 0.0214115413,
            "count": 2
        },
        "Shepherd.IsTraining.mean": {
            "value": 1.0,
            "min": 1.0,
            "max": 1.0,
            "count": 2
        },
        "Shepherd.IsTraining.sum": {
            "value": 1.0,
            "min": 1.0,
            "max": 1.0,
            "count": 2
        }
    },
    "metadata": {
        "timer_format_version": "0.1.0",
        "start_time_seconds": "1625749818",
        "python_version": "3.7.10 (default, Feb 26 2021, 13:06:18) [MSC v.1916 64 bit (AMD64)]",
        "command_line_arguments": "C:\\Users\\midgl\\anaconda3\\envs\\unityML\\Scripts\\mlagents-learn --run-id=test1.01",
        "mlagents_version": "0.27.0",
        "mlagents_envs_version": "0.27.0",
        "communication_protocol_version": "1.5.0",
        "pytorch_version": "1.7.1+cu110",
        "numpy_version": "1.20.3",
        "end_time_seconds": "1625750326"
    },
    "total": 507.908631,
    "count": 1,
    "self": 0.00743449999998802,
    "children": {
        "run_training.setup": {
            "total": 0.06738980000000006,
            "count": 1,
            "self": 0.06738980000000006
        },
        "TrainerController.start_learning": {
            "total": 507.8338067,
            "count": 1,
            "self": 1.7408362999878477,
            "children": {
                "TrainerController._reset_env": {
                    "total": 9.838188200000001,
                    "count": 1,
                    "self": 9.838188200000001
                },
                "TrainerController.advance": {
                    "total": 496.2007527000121,
                    "count": 111254,
                    "self": 1.8843343999909052,
                    "children": {
                        "env_step": {
                            "total": 469.96951510000383,
                            "count": 111254,
                            "self": 319.12396590001,
                            "children": {
                                "SubprocessEnvManager._take_step": {
                                    "total": 149.7209362999953,
                                    "count": 111254,
                                    "self": 4.886547799981088,
                                    "children": {
                                        "TorchPolicy.evaluate": {
                                            "total": 144.8343885000142,
                                            "count": 110457,
                                            "self": 59.6177567000112,
                                            "children": {
                                                "TorchPolicy.sample_actions": {
                                                    "total": 85.216631800003,
                                                    "count": 110457,
                                                    "self": 85.216631800003
                                                }
                                            }
                                        }
                                    }
                                },
                                "workers": {
                                    "total": 1.1246128999985565,
                                    "count": 111253,
                                    "self": 0.0,
                                    "children": {
                                        "worker_root": {
                                            "total": 497.00574129999274,
                                            "count": 111253,